time;Азимут:;Наклон:;Крен:
1509976317.443;34.782;-53.069;130.796
1509976317.456;43.557;-52.711;133.148
1509976317.475;51.946;-51.599;134.609
1509976317.493;52.195;-51.599;134.609
1509976317.496;54.582;-51.712;135.660
1509976317.516;40.113;-53.315;132.788
1509976317.53;41.107;-53.315;132.788
1509976317.535;23.200;-54.332;128.072
1509976317.556;4.839;-54.136;123.135
1509976317.576;2.762;-53.576;122.578
1509976317.597;22.763;-53.078;127.251
1509976317.608;24.251;-53.078;127.251
1509976317.619;33.421;-54.127;130.499
1509976317.639;32.900;-54.976;131.046
1509976317.658;20.803;-54.371;127.098
1509976317.677;9.877;-53.590;124.125
1509976317.684;10.687;-53.590;124.125
1509976317.698;30.327;-53.458;128.713
1509976317.718;46.788;-52.826;132.914
1509976317.737;49.926;-52.075;132.957
1509976317.758;49.665;-51.947;132.688
1509976317.762;52.039;-51.947;132.688
1509976317.779;46.602;-53.468;133.349
1509976317.798;35.137;-55.409;132.170
1509976317.799;30.220;-55.409;132.170
1509976317.819;30.570;-55.403;132.277
1509976317.839;46.405;-52.717;134.729
1509976317.858;56.602;-53.556;139.992
1509976317.879;48.402;-58.013;142.146
1509976317.88;38.448;-58.013;142.146
1509976317.9;39.543;-66.512;150.300
1509976317.919;39.424;-76.282;157.954
1509976317.937;-22.050;-67.841;115.074
1509976317.954;-30.928;-67.841;115.074
1509976317.961;-61.972;-49.764;114.727
1509976317.98;-107.878;-38.953;131.498
1509976317.993;-69.156;-38.953;131.498
1509976317.997;-3.651;-36.657;151.406
1509976318.02;69.596;-34.351;162.610
1509976318.038;91.016;-30.500;158.492
1509976318.059;119.809;-28.505;155.889
1509976318.069;-37.830;-28.505;155.889
1509976318.079;-54.294;-23.566;156.146
1509976318.099;-59.426;-19.982;160.391
1509976318.119;49.651;-20.211;167.651
1509976318.137;67.630;-19.568;169.286
1509976318.146;27.694;-19.568;169.286
1509976318.158;14.204;-16.747;166.715
1509976318.179;174.851;-11.552;165.838
1509976318.198;110.351;-6.425;-175.139
1509976318.219;108.923;-6.766;-174.435
1509976318.225;92.505;-6.766;-174.435
1509976318.239;108.362;-2.712;-179.033
1509976318.258;119.530;-0.387;179.159
1509976318.26;104.827;-0.387;179.159
1509976318.278;99.755;-1.236;-179.777
1509976318.298;115.143;0.619;176.496
1509976318.319;116.258;1.076;177.015
1509976318.343;113.551;3.199;-177.059
1509976318.344;98.497;3.199;-177.059
1509976318.36;97.343;3.119;-175.545
1509976318.379;92.797;1.867;-174.943
1509976318.399;102.868;5.018;-174.380
1509976318.417;88.638;5.018;-174.380
1509976318.421;77.642;3.219;179.264
1509976318.441;22.006;1.595;171.420
1509976318.459;70.062;1.512;-179.721
1509976318.479;81.873;2.887;-172.595
1509976318.493;85.064;2.887;-172.595
1509976318.499;74.292;0.499;-174.837
1509976318.519;51.897;-3.621;-177.941
1509976318.531;50.733;-3.621;-177.941
1509976318.541;40.302;-8.970;-175.327
1509976318.56;63.942;-8.136;-165.271
1509976318.58;64.669;-8.098;-164.761
1509976318.6;48.915;-6.992;-174.527
1509976318.608;42.235;-6.992;-174.527
1509976318.62;114.665;3.318;-174.415
1509976318.641;112.620;5.002;-169.825
1509976318.66;115.500;5.222;-170.770
1509976318.68;162.231;9.483;-178.115
1509976318.685;179.870;9.483;-178.115
1509976318.7;-170.835;15.043;-179.884
1509976318.721;-176.812;17.913;-178.890
1509976318.741;-151.185;15.157;175.851
1509976318.762;-134.926;13.860;172.265
1509976318.764;-121.480;13.860;172.265
1509976318.782;-122.227;13.147;173.655
1509976318.802;-108.673;9.082;175.441
1509976318.803;-91.149;9.082;175.441
1509976318.822;-71.474;3.974;176.385
1509976318.841;-55.992;-0.476;176.995
1509976318.86;-43.124;-5.262;177.594
1509976318.878;-36.948;-5.262;177.594
1509976318.88;-33.053;-6.123;178.755
1509976318.901;-31.866;-5.521;179.626
1509976318.921;-24.608;-4.743;-177.245
1509976318.943;-23.503;-5.046;-176.997
1509976318.956;-23.358;-5.046;-176.997
1509976318.962;-25.567;-5.896;-178.272
1509976318.983;-26.327;-6.437;-178.853
1509976319.001;-22.721;-4.878;-176.680
1509976319.022;-19.994;-2.835;-174.922
1509976319.031;-19.434;-2.835;-174.922
1509976319.042;-27.569;-1.866;-177.358
1509976319.062;-38.419;0.415;179.970
1509976319.071;-42.658;0.415;179.970
1509976319.081;-36.892;3.440;-175.695
1509976319.101;-35.754;3.631;-175.285
1509976319.123;-46.526;3.308;-178.544
1509976319.142;-39.319;2.469;-177.109
1509976319.146;-40.082;2.469;-177.109
1509976319.161;-36.333;1.005;-177.222
1509976319.182;-27.178;0.037;-175.366
1509976319.202;-13.949;-0.062;-172.338
1509976319.223;-16.295;0.680;-172.631
1509976319.224;-10.638;0.680;-172.631
1509976319.243;-19.484;-0.128;-174.765
1509976319.263;-24.561;-1.409;-176.583
1509976319.283;-26.172;-2.651;-177.644
1509976319.303;-26.485;-2.084;-177.463
1509976319.305;-21.092;-2.084;-177.463
1509976319.322;-21.802;-3.940;-178.384
1509976319.338;-15.416;-3.940;-178.384
1509976319.341;-20.427;-1.377;-178.631
1509976319.362;-32.441;0.204;179.787
1509976319.382;-25.893;-1.434;-179.768
1509976319.409;-8.625;-0.839;-176.385
1509976319.419;-1.302;-0.839;-176.385
1509976319.422;-1.353;0.534;-176.364
1509976319.442;-20.737;2.928;-179.197
1509976319.463;-29.040;3.115;179.464
1509976319.482;-36.176;4.343;178.965
1509976319.492;-25.416;4.343;178.965
1509976319.502;-17.832;4.429;-179.939
1509976319.524;-4.516;0.296;-178.604
1509976319.542;-5.552;-6.818;-179.487
1509976319.563;-6.340;-8.098;-179.875
1509976319.569;9.755;-8.098;-179.875
1509976319.586;7.795;-7.116;179.387
1509976319.602;8.459;-5.146;179.295
1509976319.607;32.638;-5.146;179.295
1509976319.624;33.713;-4.988;179.548
1509976319.644;26.706;-9.358;179.511
1509976319.663;25.946;-12.167;-179.487
1509976319.684;27.503;-10.079;-179.830
1509976319.685;37.447;-10.079;-179.830
1509976319.705;48.689;-5.121;-178.681
1509976319.724;54.533;-2.922;-178.249
1509976319.744;50.995;-2.738;179.712
1509976319.763;44.931;-3.762;178.210
1509976319.764;53.760;-3.762;178.210
1509976319.787;59.147;-1.919;179.005
1509976319.805;66.800;-0.046;-178.284
1509976319.825;73.702;2.540;-177.349
1509976319.838;70.756;2.540;-177.349
1509976319.843;67.015;1.238;-178.856
1509976319.863;60.756;-2.302;-178.386
1509976319.876;58.411;-2.302;-178.386
1509976319.883;59.208;-3.281;-175.949
1509976319.905;60.393;-2.011;-176.580
1509976319.924;58.554;-2.466;-177.974
1509976319.944;55.064;-6.549;-176.052
1509976319.954;58.009;-6.549;-176.052
1509976319.969;56.118;-7.877;-176.965
1509976319.984;56.484;-7.092;-177.455
1509976320.003;56.921;-3.762;178.637
1509976320.024;64.013;-0.299;-176.754
1509976320.034;64.885;-0.299;-176.754
1509976320.045;65.189;0.116;-177.074
1509976320.065;61.290;-1.144;179.044
1509976320.085;59.297;-3.718;-179.508
1509976320.104;61.837;-2.516;-177.722
1509976320.108;61.827;-2.516;-177.722
1509976320.125;63.822;-0.326;-178.574
1509976320.143;63.600;-0.262;-179.072
1509976320.144;66.137;-0.262;-179.072
1509976320.164;62.890;-2.758;-179.339
1509976320.185;62.909;-3.370;-178.210
1509976320.204;65.525;-1.378;-177.727
1509976320.225;65.235;-0.785;-179.480
1509976320.226;63.996;-0.785;-179.480
1509976320.245;61.563;-2.212;179.628
1509976320.264;62.175;-2.629;-178.766
1509976320.285;64.215;-1.203;-178.294
1509976320.3;63.480;-1.203;-178.294
1509976320.305;63.433;-1.327;-178.128
1509976320.351;61.708;-2.333;-178.901
1509976320.352;61.869;-1.770;-179.665
1509976320.365;63.348;-1.328;-178.262
1509976320.378;65.431;-1.328;-178.262
1509976320.384;64.677;-1.915;-178.242
1509976320.405;63.393;-2.153;-179.678
1509976320.414;61.569;-2.153;-179.678
1509976320.425;62.264;-1.958;-179.068
1509976320.448;63.240;-1.382;-178.734
1509976320.469;62.693;-2.037;-178.310
1509976320.486;62.498;-2.466;-177.813
1509976320.494;65.261;-2.466;-177.813
1509976320.505;65.519;-1.627;-179.125
1509976320.525;66.051;-1.149;-179.290
1509976320.547;65.826;-1.764;-178.339
1509976320.571;65.174;-1.997;-178.906
1509976320.572;64.341;-1.997;-178.906
1509976320.588;64.256;-2.083;-178.863
1509976320.606;64.800;-1.943;-178.323
1509976320.626;64.661;-1.711;-179.002
1509976320.647;64.511;-2.001;-178.646
1509976320.648;65.736;-2.001;-178.646
1509976320.671;65.775;-2.094;-178.389
1509976320.685;65.271;-2.094;-178.389
1509976320.688;65.585;-1.625;-178.870
1509976320.707;65.988;-1.384;-178.747
1509976320.729;65.346;-1.754;-178.974
1509976320.746;65.052;-2.121;-178.674
1509976320.763;62.672;-2.121;-178.674
1509976320.768;63.057;-2.068;-178.212
1509976320.789;62.983;-1.819;-178.785
1509976320.809;62.590;-1.999;-179.013
1509976320.828;62.783;-2.042;-178.659
1509976320.838;65.815;-2.042;-178.659
1509976320.846;66.293;-1.667;-178.706
1509976320.866;66.319;-1.667;-178.666
1509976320.889;65.884;-1.945;-178.755
1509976320.907;66.003;-1.806;-178.866
1509976320.915;64.430;-1.806;-178.866
1509976320.927;64.785;-1.725;-178.487
1509976320.948;64.574;-1.914;-178.433
1509976320.953;64.688;-1.914;-178.433
1509976320.967;64.132;-2.027;-179.027
1509976320.988;64.559;-1.820;-178.811
1509976321.008;64.764;-1.682;-178.787
1509976321.028;64.561;-1.832;-178.786
1509976321.033;64.436;-1.832;-178.786
1509976321.048;64.492;-1.995;-178.379
1509976321.067;64.628;-1.819;-178.528
1509976321.088;64.676;-1.643;-178.813
1509976321.109;64.519;-1.859;-178.610
1509976321.11;66.268;-1.859;-178.610
1509976321.129;66.014;-1.997;-178.716
1509976321.148;66.086;-1.875;-178.866
1509976321.169;66.259;-1.848;-178.648
1509976321.184;65.204;-1.848;-178.648
1509976321.187;64.919;-1.942;-178.893
1509976321.209;65.088;-1.955;-178.609
1509976321.224;65.146;-1.955;-178.609
1509976321.228;65.383;-1.892;-178.374
1509976321.25;65.367;-1.738;-178.717
1509976321.269;65.410;-1.679;-178.775
1509976321.289;65.353;-1.708;-178.800
1509976321.299;63.710;-1.708;-178.800
1509976321.308;63.542;-1.834;-178.811
1509976321.328;63.490;-1.996;-178.581
1509976321.349;63.550;-1.897;-178.679
1509976321.37;63.541;-1.793;-178.893
1509976321.377;65.520;-1.793;-178.893
1509976321.391;65.587;-1.918;-178.524
1509976321.409;65.610;-1.834;-178.662
1509976321.429;65.723;-1.670;-178.826
1509976321.448;65.689;-1.793;-178.622
1509976321.452;64.704;-1.793;-178.622
1509976321.469;64.732;-1.738;-178.690
1509976321.49;64.560;-1.872;-178.677
1509976321.491;65.981;-1.872;-178.677
1509976321.512;65.951;-1.929;-178.608
1509976321.53;65.709;-2.021;-178.813
1509976321.55;65.900;-1.931;-178.688
1509976321.571;66.011;-1.780;-178.825
1509976321.574;63.722;-1.780;-178.825
1509976321.591;63.695;-1.779;-178.866
1509976321.608;63.761;-1.848;-178.635
1509976321.63;63.904;-1.710;-178.691
1509976321.645;65.012;-1.710;-178.691
1509976321.65;64.941;-1.764;-178.691
1509976321.67;64.728;-1.967;-178.610
1509976321.69;64.689;-1.903;-178.797
1509976321.711;64.753;-1.834;-178.839
1509976321.723;67.285;-1.834;-178.839
1509976321.729;67.269;-1.877;-178.769
1509976321.75;67.386;-1.751;-178.853
1509976321.761;66.342;-1.751;-178.853
1509976321.772;66.443;-1.736;-178.719
1509976321.79;66.389;-1.847;-178.568
1509976321.811;66.327;-1.901;-178.555
1509976321.83;66.373;-1.777;-178.745
1509976321.839;66.033;-1.777;-178.745
1509976321.85;66.057;-1.791;-178.677
1509976321.871;65.952;-1.846;-178.731
1509976321.89;65.941;-1.848;-178.743
1509976321.91;65.996;-1.806;-178.744
1509976321.915;65.245;-1.806;-178.744
1509976321.931;65.135;-1.901;-178.717
1509976321.951;65.277;-1.874;-178.554
1509976321.972;65.397;-1.766;-178.595
1509976321.99;65.226;-1.834;-178.716
1509976321.991;63.416;-1.834;-178.716
1509976322.01;63.433;-1.806;-178.744
1509976322.03;63.434;-1.776;-178.800
1509976322.031;65.997;-1.776;-178.800
1509976322.051;65.924;-1.845;-178.773
1509976322.07;65.898;-1.917;-178.661
1509976322.092;65.932;-1.904;-178.633
1509976322.107;64.366;-1.904;-178.633
1509976322.112;64.412;-1.834;-178.703
1509976322.131;64.403;-1.833;-178.717
1509976322.15;64.386;-1.832;-178.745
1509976322.17;64.457;-1.793;-178.717
1509976322.185;64.353;-1.793;-178.717
1509976322.19;64.406;-1.767;-178.689
1509976322.213;64.289;-1.862;-178.675
1509976322.223;64.691;-1.862;-178.675
1509976322.232;64.545;-1.981;-178.664
1509976322.254;64.681;-1.864;-178.688
1509976322.272;64.768;-1.811;-178.659
1509976322.292;64.624;-1.858;-178.786
1509976322.303;64.430;-1.858;-178.786
1509976322.311;64.458;-1.857;-178.746
1509976322.331;64.605;-1.780;-178.676
1509976322.351;64.547;-1.816;-178.692
1509976322.372;64.572;-1.805;-178.677
1509976322.376;65.270;-1.805;-178.677
1509976322.393;65.260;-1.818;-178.664
1509976322.412;65.221;-1.861;-178.635
1509976322.433;65.227;-1.838;-178.673
1509976322.452;65.232;-1.794;-178.757
1509976322.453;65.570;-1.794;-178.757
1509976322.472;65.453;-1.847;-178.825
1509976322.493;65.425;-1.899;-178.759
1509976322.495;64.580;-1.899;-178.759
1509976322.512;64.644;-1.859;-178.745
1509976322.533;64.658;-1.851;-178.741
1509976322.553;64.651;-1.929;-178.594
1509976322.568;64.855;-1.929;-178.594
1509976322.571;64.937;-1.819;-178.690
1509976322.593;64.795;-1.887;-178.771
1509976322.613;64.787;-1.913;-178.731
1509976322.633;64.900;-1.835;-178.716
1509976322.645;64.699;-1.835;-178.716
1509976322.653;64.600;-1.875;-178.784
1509976322.674;64.625;-1.918;-178.660
1509976322.693;64.583;-1.928;-178.703
1509976322.713;64.819;-1.766;-178.676
1509976322.722;63.748;-1.766;-178.676
1509976322.732;63.738;-1.751;-178.717
1509976322.753;63.618;-1.833;-178.730
1509976322.761;65.417;-1.833;-178.730
1509976322.776;65.429;-1.805;-178.772
1509976322.794;65.415;-1.861;-178.676
1509976322.813;65.300;-1.920;-178.727
1509976322.833;65.416;-1.834;-178.730
1509976322.837;64.849;-1.834;-178.730
1509976322.853;64.801;-1.877;-178.715
1509976322.873;64.711;-1.944;-178.716
1509976322.895;64.800;-1.878;-178.714
1509976322.916;64.943;-1.777;-178.705
1509976322.917;63.831;-1.777;-178.705
1509976322.935;63.713;-1.844;-178.746
1509976322.954;63.683;-1.903;-178.675
1509976322.975;63.728;-1.863;-178.688
1509976322.993;66.258;-1.863;-178.688
1509976322.994;66.258;-1.875;-178.662
1509976323.013;66.223;-1.863;-178.742
1509976323.031;64.263;-1.863;-178.742
1509976323.032;64.361;-1.820;-178.676
1509976323.054;64.380;-1.791;-178.705
1509976323.075;64.293;-1.873;-178.677
1509976323.094;64.363;-1.818;-178.677
1509976323.106;63.155;-1.818;-178.677
1509976323.113;63.147;-1.832;-178.664
1509976323.134;63.030;-1.917;-178.674
1509976323.155;63.114;-1.837;-178.701
1509976323.174;63.109;-1.832;-178.718
1509976323.184;63.209;-1.832;-178.718
1509976323.198;63.281;-1.778;-178.718
1509976323.216;63.142;-1.876;-178.729
1509976323.234;63.216;-1.850;-178.674
1509976323.255;63.199;-1.833;-178.731
1509976323.262;64.812;-1.833;-178.731
1509976323.275;64.822;-1.831;-178.718
1509976323.298;64.761;-1.873;-178.731
1509976323.299;64.294;-1.873;-178.731
1509976323.315;64.364;-1.792;-178.785
1509976323.335;64.363;-1.821;-178.730
1509976323.355;64.348;-1.845;-178.705
1509976323.375;64.358;-1.830;-178.719
1509976323.376;64.448;-1.830;-178.719
1509976323.395;64.427;-1.861;-178.689
1509976323.442;64.419;-1.846;-178.731
1509976323.443;64.285;-1.941;-178.745
1509976323.453;65.895;-1.941;-178.745
1509976323.454;66.015;-1.875;-178.689
1509976323.474;66.147;-1.781;-178.675
1509976323.494;66.044;-1.821;-178.757
1509976323.515;65.960;-1.905;-178.714
1509976323.532;64.767;-1.905;-178.714
1509976323.535;64.870;-1.821;-178.730
1509976323.556;64.941;-1.809;-178.647
1509976323.569;64.274;-1.809;-178.647
1509976323.575;64.143;-1.889;-178.689
1509976323.595;64.170;-1.889;-178.648
1509976323.615;64.233;-1.819;-178.691
1509976323.636;64.222;-1.807;-178.730
1509976323.646;63.715;-1.807;-178.730
1509976323.658;63.771;-1.805;-178.650
1509976323.676;63.636;-1.860;-178.744
1509976323.695;63.654;-1.860;-178.717
1509976323.717;63.719;-1.816;-178.706
1509976323.723;64.647;-1.816;-178.706
1509976323.737;64.571;-1.889;-178.675
1509976323.758;64.669;-1.782;-178.742
1509976323.775;64.608;-1.821;-178.757
1509976323.795;64.636;-1.792;-178.772
1509976323.798;63.149;-1.792;-178.772
1509976323.816;63.067;-1.859;-178.759
1509976323.836;63.094;-1.847;-178.744
1509976323.837;65.045;-1.847;-178.744
1509976323.856;65.098;-1.847;-178.663
1509976323.877;65.090;-1.846;-178.677
1509976323.897;65.037;-1.873;-178.704
1509976323.917;64.038;-1.873;-178.704
1509976323.918;64.115;-1.820;-178.690
1509976323.936;64.158;-1.766;-178.730
1509976323.956;64.072;-1.847;-178.704
1509976323.977;64.088;-1.820;-178.730
1509976323.994;65.596;-1.820;-178.730
1509976323.998;65.504;-1.891;-178.728
1509976324.018;65.655;-1.796;-178.687
1509976324.037;65.586;-1.834;-178.716
1509976324.059;65.614;-1.819;-178.704
1509976324.067;65.642;-1.819;-178.704
1509976324.078;65.548;-1.859;-178.772
1509976324.099;65.522;-1.886;-178.758
1509976324.11;64.408;-1.886;-178.758
1509976324.116;64.474;-1.851;-178.728
1509976324.137;64.458;-1.862;-178.729
1509976324.158;64.557;-1.819;-178.663
1509976324.179;64.505;-1.832;-178.718
1509976324.183;63.957;-1.832;-178.718
1509976324.2;63.927;-1.820;-178.784
1509976324.218;63.964;-1.807;-178.757
1509976324.238;63.923;-1.884;-178.665
1509976324.258;64.021;-1.776;-178.733
1509976324.26;64.379;-1.776;-178.733
1509976324.278;64.392;-1.796;-178.674
1509976324.298;64.366;-1.822;-178.661
1509976324.318;64.286;-1.832;-178.759
1509976324.338;64.222;-1.901;-178.717
1509976324.339;64.576;-1.901;-178.717
1509976324.36;64.622;-1.857;-178.733
1509976324.377;66.062;-1.857;-178.733
1509976324.38;66.192;-1.753;-178.743
1509976324.399;66.171;-1.807;-178.662
1509976324.419;66.117;-1.849;-178.661
1509976324.44;66.152;-1.764;-178.786
1509976324.455;64.228;-1.764;-178.786
1509976324.46;64.212;-1.789;-178.760
1509976324.48;64.233;-1.782;-178.742
1509976324.5;64.138;-1.859;-178.732
1509976324.52;64.145;-1.889;-178.661
1509976324.529;62.492;-1.889;-178.661
1509976324.539;62.396;-1.912;-178.760
1509976324.559;62.505;-1.849;-178.716
1509976324.579;62.522;-1.851;-178.687
1509976324.598;62.569;-1.819;-178.677
1509976324.606;67.280;-1.819;-178.677
1509976324.619;67.236;-1.836;-178.715
1509976324.641;67.340;-1.739;-178.758
1509976324.644;63.379;-1.739;-178.758
1509976324.66;63.333;-1.767;-178.770
1509976324.679;63.338;-1.806;-178.690
1509976324.7;63.243;-1.899;-178.651
1509976324.719;63.357;-1.791;-178.691
1509976324.723;65.433;-1.791;-178.691
1509976324.739;65.396;-1.821;-178.689
1509976324.759;65.321;-1.859;-178.731
1509976324.781;65.458;-1.779;-178.677
1509976324.799;65.391;-1.792;-178.758
1509976324.801;63.760;-1.792;-178.758
1509976324.821;63.814;-1.777;-178.705
1509976324.84;63.744;-1.819;-178.731
1509976324.859;63.690;-1.834;-178.785
1509976324.875;62.852;-1.834;-178.785
1509976324.879;62.910;-1.832;-178.705
1509976324.899;62.792;-1.917;-178.716
1509976324.913;63.563;-1.917;-178.716
1509976324.92;63.515;-1.890;-178.837
1509976324.939;63.628;-1.843;-178.760
1509976324.96;63.675;-1.794;-178.784
1509976324.98;63.662;-1.846;-178.704
1509976324.991;62.162;-1.846;-178.704
1509976325.004;62.136;-1.859;-178.718
1509976325.021;61.599;-2.075;-179.095
1509976325.039;57.385;-5.140;-179.752
1509976325.061;56.191;-6.399;-179.474
1509976325.069;57.165;-6.399;-179.474
1509976325.08;57.409;-6.422;-179.149
1509976325.102;57.466;-6.602;-178.836
1509976325.121;58.545;-6.244;-177.986
1509976325.142;59.421;-5.875;-177.373
1509976325.145;64.929;-5.875;-177.373
1509976325.16;64.919;-5.577;-177.920
1509976325.18;60.445;-9.299;-179.039
1509976325.182;68.376;-9.299;-179.039
1509976325.201;70.592;-6.516;179.603
1509976325.223;71.949;-5.119;179.153
1509976325.243;72.997;-4.169;179.031
1509976325.262;74.580;-3.614;-178.556
1509976325.264;78.889;-3.614;-178.556
1509976325.283;81.334;-1.440;-177.987
1509976325.305;78.500;-4.044;-178.323
1509976325.321;78.781;-3.488;-179.447
1509976325.337;78.540;-3.488;-179.447
1509976325.341;77.757;-5.239;-176.168
1509976325.362;77.108;-5.702;-176.915
1509976325.382;76.480;-5.886;-178.323
1509976325.404;77.339;-5.276;-177.463
1509976325.417;76.816;-5.276;-177.463
1509976325.421;77.288;-5.158;-176.119
1509976325.442;77.585;-4.573;-176.801
1509976325.452;78.505;-4.573;-176.801
1509976325.461;77.909;-5.188;-177.111
1509976325.482;77.053;-5.833;-178.193
1509976325.503;76.717;-5.602;-179.963
1509976325.525;75.012;-6.284;176.986
1509976325.53;76.884;-6.284;176.986
1509976325.541;76.743;-6.885;178.319
1509976325.562;80.960;-3.247;-179.156
1509976325.582;80.324;-3.713;179.970
1509976325.602;76.393;-8.856;-177.574
1509976325.605;78.192;-8.856;-177.574
1509976325.622;79.372;-7.805;-176.539
1509976325.642;79.722;-6.518;-179.204
1509976325.662;82.815;-3.326;-178.104
1509976325.683;81.466;-5.066;-177.260
1509976325.685;80.440;-5.066;-177.260
1509976325.703;77.770;-7.631;-179.059
1509976325.723;81.029;-3.516;179.130
1509976325.724;81.699;-3.516;179.130
1509976325.742;84.092;-1.277;-178.988
1509976325.763;81.416;-5.037;-175.745
1509976325.784;79.974;-6.038;-178.380
1509976325.799;80.673;-6.038;-178.380
1509976325.803;84.569;-1.277;177.248
1509976325.823;82.613;-4.023;-177.868
1509976325.844;80.184;-7.097;-176.697
1509976325.864;79.335;-7.076;-179.753
1509976325.874;78.342;-7.076;-179.753
1509976325.885;82.108;-3.348;-177.883
1509976325.904;82.820;-2.381;-178.776
1509976325.924;76.836;-8.984;-179.209
1509976325.944;77.844;-7.524;179.954
1509976325.952;75.826;-7.524;179.954
1509976325.969;81.314;-1.508;-179.791
1509976325.984;79.170;-4.735;-176.630
1509976325.991;80.482;-4.735;-176.630
1509976326.004;79.312;-6.607;-175.466
1509976326.025;80.618;-3.650;179.706
1509976326.044;82.099;-1.756;178.149
1509976326.064;78.486;-7.017;-177.359
1509976326.067;78.083;-7.017;-177.359
1509976326.084;77.868;-7.285;-177.360
1509976326.104;76.788;-7.237;179.106
1509976326.124;79.317;-4.366;178.676
1509976326.144;78.499;-6.438;-177.553
1509976326.145;78.525;-6.438;-177.553
1509976326.165;81.602;-2.913;-176.764
1509976326.185;82.276;-1.602;-179.631
1509976326.186;82.247;-1.602;-179.631
1509976326.205;79.101;-5.000;-179.779
1509976326.225;81.200;-2.963;-178.550
1509976326.247;79.567;-4.401;179.901
1509976326.26;78.389;-4.401;179.901
1509976326.266;76.954;-6.106;-179.842
1509976326.286;79.162;-3.477;179.648
1509976326.305;78.187;-5.392;-177.636
1509976326.325;77.848;-5.738;-177.841
1509976326.337;77.934;-5.738;-177.841
1509976326.345;79.112;-3.647;-179.925
1509976326.368;76.626;-6.899;-179.227
1509976326.385;77.096;-6.664;-178.278
1509976326.406;75.894;-8.377;-177.940
1509976326.416;75.496;-8.377;-177.940
1509976326.427;79.369;-3.218;-178.717
1509976326.444;76.347;-6.839;-179.010
1509976326.451;76.108;-6.839;-179.010
1509976326.465;75.813;-6.792;179.954
1509976326.485;79.225;-3.126;-178.663
1509976326.539;78.340;-5.070;-175.870
1509976326.54;80.093;-2.285;-177.736
1509976326.541;79.678;-2.285;-177.736
1509976326.545;75.760;-5.851;177.632
1509976326.564;75.688;-6.213;178.351
1509976326.585;77.446;-4.796;-179.368
1509976326.605;79.436;-2.619;-177.714
1509976326.607;79.824;-2.619;-177.714
1509976326.628;78.358;-4.843;-177.077
1509976326.644;77.942;-4.228;179.211
1509976326.665;76.400;-5.858;178.372
1509976326.683;76.037;-5.858;178.372
1509976326.685;76.170;-6.532;-179.451
1509976326.705;75.562;-8.902;-176.251
1509976326.721;74.100;-8.902;-176.251
1509976326.727;73.991;-8.731;-176.912
1509976326.746;73.912;-9.458;-175.926
1509976326.766;73.685;-9.051;-177.341
1509976326.787;74.798;-5.633;179.583
1509976326.8;75.230;-5.633;179.583
1509976326.81;75.818;-5.162;-179.101
1509976326.826;76.920;-3.876;-177.196
1509976326.846;75.961;-5.835;-176.909
1509976326.866;75.705;-4.700;179.259
1509976326.877;74.858;-4.700;179.259
1509976326.886;75.234;-4.308;179.875
1509976326.91;74.521;-6.694;-177.661
1509976326.927;76.108;-4.115;-176.522
1509976326.946;75.592;-4.779;-177.351
1509976326.952;76.797;-4.779;-177.351
1509976326.968;75.787;-6.471;-177.789
1509976326.987;76.461;-4.218;179.585
1509976326.991;75.755;-4.218;179.585
1509976327.009;75.406;-4.510;178.800
1509976327.028;75.688;-4.981;-178.792
1509976327.048;75.637;-5.962;-176.784
1509976327.069;76.810;-2.733;-179.412
1509976327.07;78.532;-2.733;-179.412
1509976327.088;75.859;-8.738;-177.040
1509976327.11;76.524;-6.647;-178.608
1509976327.128;76.979;-5.200;179.901
1509976327.145;77.013;-5.200;179.901
1509976327.147;75.975;-7.627;-178.831
1509976327.168;77.655;-5.460;-176.432
1509976327.189;77.893;-3.786;-179.796
1509976327.209;76.716;-5.866;-179.736
1509976327.225;76.316;-5.866;-179.736
1509976327.227;76.574;-6.220;-177.818
1509976327.247;77.469;-4.340;-178.232
1509976327.259;78.266;-4.340;-178.232
1509976327.268;77.319;-6.373;-177.689
1509976327.287;78.022;-5.125;-177.370
1509976327.308;78.148;-4.890;-177.336
1509976327.329;78.125;-3.831;179.504
1509976327.342;78.260;-3.831;179.504
1509976327.348;77.233;-5.668;179.566
1509976327.369;76.972;-7.007;-178.471
1509976327.39;78.903;-2.745;179.616
1509976327.409;77.929;-4.951;-179.002
1509976327.414;77.997;-4.951;-179.002
1509976327.429;76.710;-7.573;-178.553
1509976327.449;77.817;-4.692;179.401
1509976327.468;78.867;-3.137;-179.752
1509976327.489;78.191;-5.524;-176.551
1509976327.49;77.781;-5.524;-176.551
1509976327.511;77.492;-5.997;-176.806
1509976327.531;76.127;-6.865;179.401
1509976327.533;77.116;-6.865;179.401
1509976327.549;76.391;-7.472;177.988
1509976327.569;77.953;-6.299;-178.376
1509976327.59;78.042;-5.783;-179.237
1509976327.607;79.370;-5.783;-179.237
1509976327.61;80.929;-2.642;179.386
1509976327.632;78.575;-8.317;-176.919
1509976327.65;80.421;-4.350;-177.693
1509976327.669;79.406;-5.993;-178.505
1509976327.682;79.723;-5.993;-178.505
1509976327.688;78.164;-9.420;-177.601
1509976327.708;79.784;-5.760;-178.830
1509976327.729;79.068;-6.753;-179.641
1509976327.751;79.518;-5.946;-179.637
1509976327.759;80.002;-5.946;-179.637
1509976327.77;80.939;-3.716;178.424
1509976327.789;79.898;-5.728;179.232
1509976327.797;79.155;-5.728;179.232
1509976327.809;80.379;-4.384;-178.127
1509976327.83;79.532;-5.838;-178.613
1509976327.85;78.625;-7.154;-179.583
1509976327.87;78.455;-6.403;177.849
1509976327.875;79.171;-6.403;177.849
1509976327.89;78.540;-8.512;-179.813
1509976327.91;80.172;-7.291;-175.302
1509976327.93;81.774;-3.562;-176.050
1509976327.951;80.828;-4.746;-178.420
1509976327.955;81.513;-4.746;-178.420
1509976327.97;79.445;-8.248;-179.544
1509976327.992;79.505;-8.751;-178.228
1509976328.012;81.538;-4.156;179.710
1509976328.03;80.052;-7.725;-178.086
1509976328.032;80.124;-7.725;-178.086
1509976328.053;80.077;-7.261;-179.417
1509976328.068;81.035;-7.261;-179.417
1509976328.069;83.358;-2.673;178.628
1509976328.09;82.700;-4.819;-177.333
1509976328.112;82.576;-5.320;-176.503
1509976328.13;81.793;-6.066;-178.859
1509976328.144;81.945;-6.066;-178.859
1509976328.155;80.557;-7.455;178.317
1509976328.171;81.613;-6.175;179.707
1509976328.19;81.663;-7.815;-175.686
1509976328.21;81.857;-6.682;-177.561
1509976328.221;81.996;-6.682;-177.561
1509976328.23;83.460;-3.073;178.994
1509976328.251;81.967;-6.566;-178.033
1509976328.271;82.261;-5.940;-178.224
1509976328.291;83.245;-3.399;178.850
1509976328.302;83.540;-3.399;178.850
1509976328.311;80.558;-8.953;-179.823
1509976328.333;81.921;-7.130;-178.127
1509976328.336;81.832;-7.130;-178.127
1509976328.353;82.632;-5.152;-179.739
1509976328.372;84.167;-2.514;-179.651
1509976328.394;84.133;-3.000;-177.401
1509976328.411;83.092;-4.964;-177.457
1509976328.415;84.699;-4.964;-177.457
1509976328.435;85.499;-3.028;179.982
1509976328.451;82.096;-9.546;-178.144
1509976328.472;83.270;-6.762;179.982
1509976328.491;82.323;-8.308;179.818
1509976328.492;83.014;-8.308;179.818
1509976328.512;84.242;-6.414;-179.576
1509976328.533;84.522;-7.130;-175.678
1509976328.554;84.860;-6.137;-176.693
1509976328.567;84.378;-6.137;-176.693
1509976328.572;84.826;-4.439;179.774
1509976328.592;82.876;-7.865;-179.656
1509976328.606;83.656;-7.865;-179.656
1509976328.612;83.865;-7.781;-178.841
1509976328.631;85.588;-4.671;-179.013
1509976328.653;84.510;-7.337;-176.633
1509976328.673;84.895;-6.056;-178.417
1509976328.683;86.074;-6.056;-178.417
1509976328.692;86.957;-4.159;179.834
1509976328.715;86.761;-4.761;-178.745
1509976328.733;85.382;-7.967;-176.388
1509976328.753;84.687;-8.573;-178.358
1509976328.759;84.317;-8.573;-178.358
1509976328.773;84.139;-7.971;179.037
1509976328.792;85.617;-5.927;-179.446
1509976328.813;84.672;-8.587;-176.543
1509976328.833;86.968;-3.389;179.162
1509976328.836;86.885;-3.389;179.162
1509976328.855;86.088;-4.842;-179.964
1509976328.874;86.159;-5.672;-175.843
1509976328.876;86.999;-5.672;-175.843
1509976328.894;85.944;-7.018;-178.218
1509976328.914;86.504;-5.392;179.068
1509976328.934;86.524;-5.792;-178.992
1509976328.953;87.153;-4.967;-177.663
1509976328.955;87.703;-4.967;-177.663
1509976328.974;89.271;-2.140;-178.491
1509976328.993;86.516;-7.005;-177.889
1509976329.013;85.008;-9.737;-177.712
1509976329.031;84.625;-9.737;-177.712
1509976329.033;86.025;-6.386;179.121
1509976329.053;86.095;-6.680;-179.263
1509976329.075;86.085;-7.598;-176.154
1509976329.094;88.096;-3.547;-177.826
1509976329.105;89.049;-3.547;-177.826
1509976329.113;88.387;-4.546;-179.048
1509976329.135;87.273;-6.891;-177.470
1509976329.145;87.415;-6.891;-177.470
1509976329.154;87.330;-6.754;-178.579
1509976329.174;88.769;-4.185;-178.740
1509976329.195;88.068;-5.936;-176.334
1509976329.215;86.884;-7.960;-177.204
1509976329.221;86.643;-7.960;-177.204
1509976329.234;87.912;-4.725;178.608
1509976329.254;86.708;-6.771;179.031
1509976329.274;87.089;-6.823;-178.218
1509976329.295;87.970;-5.608;-176.364
1509976329.297;88.553;-5.608;-176.364
1509976329.314;88.441;-5.692;-176.980
1509976329.335;87.727;-6.830;-177.857
1509976329.354;88.919;-4.485;-178.693
1509976329.378;87.065;-7.619;-179.351
1509976329.379;86.649;-7.619;-179.351
1509976329.395;89.474;-2.890;-177.792
1509976329.415;89.768;-2.505;-175.968
1509976329.416;89.854;-2.505;-175.968
1509976329.436;88.663;-5.306;-174.071
1509976329.456;89.217;-3.144;178.777
1509976329.476;88.302;-4.589;178.517
1509976329.489;88.377;-4.589;178.517
1509976329.495;88.652;-4.947;-176.608
1509976329.516;87.391;-7.869;-175.237
1509976329.536;88.211;-5.467;-178.204
1509976329.558;86.617;-8.423;-178.172
1509976329.566;86.690;-8.423;-178.172
1509976329.579;87.098;-8.028;-176.988
1509976329.623;87.169;-7.034;-179.950
1509976329.624;87.033;-7.074;179.313
1509976329.634;88.139;-5.778;-177.892
1509976329.644;88.139;-5.778;-177.892
1509976329.654;87.874;-6.410;-177.468
1509976329.675;89.499;-3.017;-178.685
1509976329.681;90.104;-3.017;-178.685
1509976329.696;89.921;-3.588;-176.734
1509976329.716;87.460;-9.044;-175.401
1509976329.739;89.041;-4.658;179.326
1509976329.756;89.134;-4.439;178.918
1509976329.759;89.045;-4.439;178.918
1509976329.779;86.963;-8.900;-177.716
1509976329.795;87.757;-7.265;-178.207
1509976329.816;88.806;-4.881;179.234
1509976329.836;87.188;-7.478;178.883
1509976329.838;87.380;-7.478;178.883
1509976329.859;87.818;-7.406;-178.507
1509976329.875;89.246;-5.150;-176.044
1509976329.895;87.963;-8.172;-175.120
1509976329.912;88.108;-8.172;-175.120
1509976329.915;90.301;-3.054;-177.393
1509976329.936;88.399;-6.437;-179.083
1509976329.952;87.911;-6.437;-179.083
1509976329.956;87.034;-7.456;178.593
1509976329.976;88.919;-3.973;177.802
1509976329.996;88.080;-7.062;-175.624
1509976330.018;88.885;-5.499;-174.414
1509976330.028;88.626;-5.499;-174.414
1509976330.037;87.797;-6.493;-177.734
1509976330.058;88.716;-4.101;179.613
1509976330.079;89.781;-2.327;-177.625
1509976330.097;87.918;-6.738;-175.968
1509976330.108;88.108;-6.738;-175.968
1509976330.116;88.145;-5.904;-178.815
1509976330.136;87.043;-8.020;-179.048
1509976330.158;86.807;-8.376;-179.367
1509976330.178;88.449;-5.000;179.680
1509976330.181;88.224;-5.000;179.680
1509976330.198;89.295;-3.367;-177.131
1509976330.218;88.832;-5.032;-174.047
1509976330.221;88.149;-5.032;-174.047
1509976330.238;88.137;-4.255;-177.698
1509976330.257;87.470;-4.805;178.388
1509976330.278;86.593;-7.228;-178.702
1509976330.299;86.827;-7.298;-176.960
1509976330.301;86.243;-7.298;-176.960
1509976330.318;86.799;-5.922;-177.414
1509976330.338;88.055;-3.050;-178.302
1509976330.358;86.689;-6.296;-176.962
1509976330.374;86.840;-6.296;-176.962
1509976330.376;86.935;-5.624;-178.618
1509976330.399;87.545;-4.461;-178.065
1509976330.413;87.440;-4.461;-178.065
1509976330.417;87.190;-5.468;-176.270
1509976330.439;85.631;-9.001;-176.732
1509976330.458;86.446;-5.631;178.314
1509976330.478;86.474;-6.204;-179.314
1509976330.491;86.351;-6.204;-179.314
1509976330.498;85.695;-7.649;-178.987
1509976330.519;87.093;-4.472;179.566
1509976330.538;87.537;-3.726;-179.796
1509976330.559;86.838;-6.586;-174.546
1509976330.566;86.167;-6.586;-174.546
1509976330.578;85.430;-7.944;-176.020
1509976330.598;85.157;-6.323;177.734
1509976330.618;85.045;-7.134;179.571
1509976330.638;85.819;-6.937;-176.041
1509976330.643;86.099;-6.937;-176.041
1509976330.66;87.532;-3.226;-176.649
1509976330.679;86.304;-5.769;-178.081
1509976330.682;87.326;-5.769;-178.081
1509976330.7;88.049;-3.860;-179.489
1509976330.721;88.275;-3.360;-179.607
1509976330.739;86.976;-6.830;-177.274
1509976330.758;87.281;-6.180;-177.025
1509976330.759;86.725;-6.180;-177.025
1509976330.779;87.008;-5.483;-177.057
1509976330.799;85.222;-8.739;-179.471
1509976330.819;85.676;-6.856;177.874
1509976330.836;84.760;-6.856;177.874
1509976330.841;84.832;-7.441;179.996
1509976330.86;86.499;-4.224;-178.431
1509976330.88;86.065;-6.178;-175.362
1509976330.9;86.302;-5.175;-176.574
1509976330.912;86.533;-5.175;-176.574
1509976330.92;85.491;-6.242;179.058
1509976330.94;85.754;-6.116;-179.525
1509976330.952;85.262;-6.116;-179.525
1509976330.959;86.047;-5.039;-177.087
1509976330.98;86.995;-3.075;-175.222
1509976331.001;86.753;-3.192;-177.768
1509976331.02;87.172;-1.749;178.464
1509976331.028;87.519;-1.749;178.464
1509976331.039;85.496;-6.398;-179.183
1509976331.059;85.369;-6.417;-179.976
1509976331.081;86.612;-4.189;-178.170
1509976331.1;86.013;-6.423;-175.481
1509976331.104;86.051;-6.423;-175.481
1509976331.121;85.197;-7.438;-178.504
1509976331.14;86.898;-3.005;179.009
1509976331.161;85.812;-6.827;-176.113
1509976331.182;85.763;-6.341;-177.790
1509976331.184;85.162;-6.341;-177.790
1509976331.201;85.471;-4.736;179.206
1509976331.221;85.958;-4.316;-178.116
1509976331.222;85.975;-4.316;-178.116
1509976331.24;86.261;-3.638;-178.262
1509976331.26;85.202;-5.965;-178.442
1509976331.281;84.722;-6.979;-178.624
1509976331.3;84.414;-6.979;-178.624
1509976331.302;85.215;-5.294;-177.983
1509976331.321;83.608;-8.594;-179.245
1509976331.341;84.245;-6.559;179.173
1509976331.362;86.040;-3.261;-178.274
1509976331.374;86.071;-3.261;-178.274
1509976331.385;84.695;-7.189;-176.537
1509976331.402;85.331;-4.535;179.983
1509976331.422;86.048;-3.095;-179.399
1509976331.442;85.025;-6.498;-176.097
1509976331.451;84.381;-6.498;-176.097
1509976331.462;86.177;-1.496;-178.006
1509976331.483;85.329;-3.436;-178.354
1509976331.488;85.485;-3.436;-178.354
1509976331.503;85.134;-4.481;-177.481
1509976331.52;85.166;-4.246;-178.076
1509976331.541;83.997;-6.883;-178.416
1509976331.561;83.030;-9.003;-178.752
1509976331.566;82.514;-9.003;-178.752
1509976331.581;82.645;-7.808;179.303
1509976331.601;82.899;-7.858;-179.262
1509976331.621;83.998;-5.994;-177.336
1509976331.642;83.922;-6.609;-176.259
1509976331.643;84.793;-6.609;-176.259
1509976331.661;84.702;-6.058;-178.314
1509976331.682;85.183;-4.404;-179.869
1509976331.703;84.448;-6.342;-179.267
1509976331.722;86.166;-2.512;-177.508
1509976331.724;86.437;-2.512;-177.508
1509976331.743;85.435;-5.580;-175.414
1509976331.76;85.040;-5.580;-175.414
1509976331.764;85.492;-3.490;-178.614
1509976331.782;85.676;-3.004;-178.860
1509976331.802;85.304;-4.273;-177.320
1509976331.822;84.415;-6.039;-178.704
1509976331.836;83.296;-6.039;-178.704
1509976331.842;83.713;-4.903;-179.262
1509976331.862;83.593;-6.423;-175.782
1509976331.883;83.127;-6.989;-177.316
1509976331.904;83.107;-5.523;178.555
1509976331.917;83.828;-5.523;178.555
1509976331.923;83.262;-6.922;178.958
1509976331.945;84.678;-4.245;-179.155
1509976331.967;84.679;-5.409;-175.480
1509976331.983;84.782;-4.585;-177.057
1509976331.989;83.014;-4.585;-177.057
1509976332.004;82.559;-5.277;-178.384
1509976332.023;83.396;-3.410;-177.740
1509976332.03;82.658;-3.410;-177.740
1509976332.043;82.741;-3.413;-176.956
1509976332.063;82.193;-4.056;-179.478
1509976332.083;82.176;-4.248;-178.997
1509976332.104;81.485;-7.392;-175.910
1509976332.106;81.678;-7.392;-175.910
1509976332.124;82.286;-5.157;-177.292
1509976332.143;81.360;-7.099;-178.269
1509976332.165;81.391;-7.072;-178.155
1509976332.183;81.925;-5.626;-178.456
1509976332.185;80.856;-5.626;-178.456
1509976332.205;81.026;-6.398;-175.661
1509976332.225;80.586;-6.308;-178.436
1509976332.248;80.995;-4.497;179.345
1509976332.263;81.738;-4.497;179.345
1509976332.265;82.552;-3.133;-179.177
1509976332.287;82.954;-2.496;-177.964
1509976332.298;82.307;-2.496;-177.964
1509976332.303;82.153;-2.867;-177.962
1509976332.324;81.620;-4.928;-175.780
1509976332.343;80.800;-6.960;-176.259
1509976332.364;81.687;-3.582;-179.343
1509976332.375;81.144;-3.582;-179.343
1509976332.385;80.575;-4.527;179.669
1509976332.406;79.019;-8.705;-178.919
1509976332.425;80.866;-4.939;-177.261
1509976332.444;80.382;-6.620;-176.262
1509976332.45;79.958;-6.620;-176.262
1509976332.465;79.815;-6.110;-178.144
1509976332.487;80.467;-3.913;-179.725
1509976332.504;80.701;-3.946;-177.925
1509976332.526;80.300;-6.150;-175.209
1509976332.527;80.131;-6.150;-175.209
1509976332.548;80.773;-4.044;-175.955
1509976332.565;80.185;-4.739;-178.199
1509976332.566;78.851;-4.739;-178.199
1509976332.586;79.430;-3.101;-178.989
1509976332.606;79.591;-3.177;-177.534
1509976332.628;80.197;-1.701;-177.534
1509976332.644;78.906;-4.931;-177.388
1509976332.646;78.382;-4.931;-177.388
1509976332.665;77.415;-6.429;-179.230
1509976332.712;77.477;-6.868;-178.053
1509976332.714;76.951;-8.034;-178.300
1509976332.719;77.051;-8.034;-178.300
1509976332.724;77.835;-5.863;-178.872
1509976332.745;78.186;-5.577;-177.639
1509976332.767;78.244;-6.026;-176.354
1509976332.786;78.101;-5.379;-178.553
1509976332.798;77.738;-5.379;-178.553
1509976332.809;78.475;-3.392;-179.267
1509976332.826;78.188;-4.501;-178.071
1509976332.836;78.320;-4.501;-178.071
1509976332.845;77.731;-6.640;-176.490
1509976332.865;79.367;-2.119;-178.014
1509976332.886;78.264;-5.175;-176.745
1509976332.906;78.603;-4.217;-177.064
1509976332.912;78.996;-4.217;-177.064
1509976332.927;78.765;-3.984;-179.202
1509976332.947;78.437;-5.156;-178.153
1509976332.965;78.594;-5.817;-175.775
1509976332.986;77.992;-6.032;-178.586
1509976332.988;77.338;-6.032;-178.586
1509976333.006;76.902;-6.830;-179.092
1509976333.028;78.127;-4.150;-178.561
1509976333.046;77.949;-5.208;-177.068
1509976333.067;77.805;-4.416;-179.802
1509976333.068;78.098;-4.416;-179.802
1509976333.087;78.788;-3.673;-177.366
1509976333.108;78.769;-4.399;-175.612
1509976333.109;78.498;-4.399;-175.612
1509976333.13;78.396;-3.915;-177.528
1509976333.147;77.864;-4.920;-178.258
1509976333.169;77.925;-5.223;-177.212
1509976333.184;77.298;-5.223;-177.212
1509976333.186;77.913;-4.156;-176.042
1509976333.207;77.083;-5.349;-178.094
1509976333.227;77.783;-2.857;179.478
1509976333.247;77.503;-4.019;-178.944
1509976333.259;77.700;-4.019;-178.944
1509976333.267;76.727;-6.495;-178.148
1509976333.287;76.775;-5.877;-179.235
1509976333.308;76.092;-7.910;-178.218
1509976333.328;76.015;-8.414;-177.659
1509976333.338;76.562;-8.414;-177.659
1509976333.347;78.285;-3.971;-178.402
1509976333.368;77.612;-5.568;-178.280
1509976333.373;77.827;-5.568;-178.280
1509976333.388;78.135;-4.870;-178.294
1509976333.407;78.039;-5.791;-176.657
1509976333.431;78.268;-5.278;-176.561
1509976333.448;77.487;-6.738;-177.456
1509976333.45;76.887;-6.738;-177.456
1509976333.467;77.893;-3.951;-178.380
1509976333.491;77.155;-6.014;-177.597
1509976333.508;78.074;-3.430;-178.701
1509976333.53;77.606;-5.042;-177.338
1509976333.531;77.916;-5.042;-177.338
1509976333.55;78.498;-3.832;-176.976
1509976333.569;77.746;-4.299;179.823
1509976333.589;75.171;-8.879;178.458
1509976333.603;75.424;-8.879;178.458
1509976333.607;78.102;-4.752;-178.137
1509976333.628;78.727;-4.788;-174.270
1509976333.643;79.060;-4.788;-174.270
1509976333.649;79.389;-3.641;-175.001
1509976333.671;78.278;-4.885;-178.717
1509976333.689;77.412;-6.740;-178.847
1509976333.711;78.787;-3.667;-179.040
1509976333.72;79.300;-3.667;-179.040
1509976333.729;78.829;-5.461;-177.003
1509976333.748;78.433;-6.178;-177.470
1509976333.768;79.734;-2.696;-179.281
1509976333.788;78.776;-5.096;-178.202
1509976333.796;78.210;-5.096;-178.202
1509976333.81;78.861;-4.543;-175.768
1509976333.83;78.450;-5.772;-175.303
1509976333.848;76.752;-8.597;-177.850
1509976333.868;77.370;-6.421;-179.368
1509976333.873;78.067;-6.421;-179.368
1509976333.89;78.655;-6.319;-176.674
1509976333.911;77.901;-8.121;-176.723
1509976333.912;77.488;-8.121;-176.723
1509976333.93;78.335;-4.623;179.654
1509976333.951;78.275;-4.634;179.361
1509976333.968;79.377;-3.621;-176.872
1509976333.99;80.165;-1.972;-176.329
1509976333.991;80.373;-1.972;-176.329
1509976334.01;80.715;-1.202;-176.356
1509976334.03;78.961;-5.025;-176.716
1509976334.051;77.795;-6.481;-179.241
1509976334.07;78.459;-6.481;-179.241
1509976334.072;78.123;-7.088;-179.500
1509976334.09;78.808;-6.491;-177.485
1509976334.111;78.607;-7.620;-176.199
1509976334.131;79.147;-5.469;-178.037
1509976334.142;79.480;-5.469;-178.037
1509976334.15;79.594;-4.891;-178.910
1509976334.171;80.250;-4.147;-176.914
1509976334.185;79.699;-4.147;-176.914
1509976334.19;79.039;-6.185;-175.943
1509976334.21;78.669;-6.088;-178.129
1509976334.237;79.112;-5.275;-177.612
1509976334.25;78.893;-6.210;-176.677
1509976334.258;79.796;-6.210;-176.677
1509976334.271;81.040;-2.439;-179.780
1509976334.29;80.478;-3.821;-178.981
1509976334.313;80.355;-4.763;-176.984
1509976334.333;80.801;-3.691;-177.099
1509976334.337;80.437;-3.691;-177.099
1509976334.352;79.660;-5.727;-176.679
1509976334.37;78.431;-8.570;-177.089
1509976334.391;78.129;-8.413;-178.661
1509976334.411;78.891;-6.657;-178.684
1509976334.412;79.172;-6.657;-178.684
1509976334.431;80.649;-3.830;-176.998
1509976334.451;81.138;-2.790;-176.482
1509976334.453;81.661;-2.790;-176.482
1509976334.47;81.396;-3.251;-177.074
1509976334.491;79.729;-6.289;-179.107
1509976334.511;80.003;-5.711;-179.059
1509976334.526;80.242;-5.711;-179.059
1509976334.532;81.194;-4.108;-177.835
1509976334.551;80.128;-6.548;-177.591
1509976334.573;80.387;-5.691;-178.306
1509976334.593;80.444;-5.953;-177.314
1509976334.607;80.650;-5.953;-177.314
1509976334.612;80.855;-5.472;-177.275
1509976334.631;80.703;-5.909;-177.107
1509976334.651;80.492;-6.145;-177.759
1509976334.673;80.150;-6.433;-178.950
1509976334.681;79.970;-6.433;-178.950
1509976334.692;80.548;-4.923;-179.494
1509976334.714;80.744;-5.427;-176.929
1509976334.719;80.948;-5.427;-176.929
1509976334.732;81.111;-5.229;-176.342
1509976334.751;81.328;-3.695;-179.193
1509976334.771;81.716;-3.275;-177.454
1509976334.792;82.213;-2.577;-175.219
1509976334.797;81.750;-2.577;-175.219
1509976334.814;79.808;-7.069;-177.183
1509976334.832;80.576;-4.727;-178.081
1509976334.851;81.093;-3.839;-176.893
1509976334.872;80.525;-5.806;-175.756
1509976334.873;81.422;-5.806;-175.756
1509976334.893;81.212;-5.187;-178.678
1509976334.912;81.143;-5.542;-178.161
1509976334.914;80.354;-5.542;-178.161
1509976334.932;79.410;-8.066;-177.687
1509976334.954;80.547;-5.181;-177.909
1509976334.974;80.706;-5.138;-177.000
1509976334.989;81.333;-5.138;-177.000
1509976334.996;80.803;-6.763;-176.459
1509976335.015;80.314;-7.148;-178.291
1509976335.033;81.141;-4.534;-179.991
1509976335.053;80.995;-5.576;-178.056
1509976335.067;81.286;-5.576;-178.056
1509976335.075;80.934;-7.002;-176.877
1509976335.095;82.753;-2.411;-176.077
1509976335.113;82.565;-3.459;-174.209
1509976335.132;81.574;-6.341;-174.479
1509976335.145;81.461;-6.341;-174.479
1509976335.153;80.569;-6.505;-179.214
1509976335.173;80.770;-5.571;179.518
1509976335.181;81.111;-5.571;179.518
1509976335.193;82.196;-3.938;-178.163
1509976335.213;81.188;-6.463;-177.755
1509976335.233;81.909;-3.795;179.154
1509976335.254;82.010;-4.013;-179.331
1509976335.261;81.568;-4.013;-179.331
1509976335.273;80.805;-7.250;-175.907
1509976335.296;80.931;-6.100;-177.696
1509976335.314;81.256;-4.437;179.822
1509976335.335;80.405;-7.213;-178.094
1509976335.336;81.346;-7.213;-178.094
1509976335.354;82.450;-4.830;-177.143
1509976335.374;82.459;-4.569;-177.858
1509976335.395;81.786;-5.667;-179.291
1509976335.413;81.732;-5.667;-179.291
1509976335.415;81.727;-6.469;-177.309
1509976335.433;81.064;-8.897;-175.959
1509976335.45;81.660;-8.897;-175.959
1509976335.454;82.917;-5.047;-176.793
1509976335.473;82.839;-4.723;-178.320
1509976335.493;81.841;-8.045;-176.580
1509976335.514;82.838;-5.111;-177.191
1509976335.527;82.323;-5.111;-177.191
1509976335.534;80.646;-8.690;-178.880
1509976335.555;81.712;-5.778;-179.504
1509976335.575;81.559;-6.507;-178.638
1509976335.595;82.049;-6.297;-176.146
1509976335.604;82.941;-6.297;-176.146
1509976335.614;83.366;-4.879;-176.786
1509976335.637;83.856;-2.528;178.773
1509976335.656;82.833;-5.371;-179.257
1509976335.677;83.005;-4.860;-179.569
1509976335.68;83.852;-4.860;-179.569
1509976335.694;83.728;-5.193;-179.437
1509976335.714;83.668;-6.899;-175.432
1509976335.718;82.964;-6.899;-175.432
1509976335.735;82.933;-7.498;-174.500
1509976335.755;83.121;-4.971;-178.972
1509976335.797;82.837;-4.781;178.357
1509976335.798;83.708;-3.728;-177.983
1509976335.799;83.935;-3.728;-177.983
1509976335.815;83.632;-4.993;-176.814
1509976335.833;81.944;-8.587;-179.413
1509976335.858;83.437;-4.518;-179.776
1509976335.873;84.180;-4.518;-179.776
1509976335.874;83.929;-5.526;-178.544
1509976335.895;82.905;-9.485;-176.103
1509976335.915;83.034;-8.543;-177.098
1509976335.935;85.004;-2.857;-178.358
1509976335.95;85.315;-2.857;-178.358
1509976335.959;83.763;-7.780;-176.277
1509976335.975;84.331;-6.229;-176.053
1509976335.992;84.226;-6.229;-176.053
1509976335.994;83.901;-5.973;-178.963
1509976336.017;85.809;-0.674;178.142
1509976336.037;83.854;-6.131;-178.876
1509976336.057;83.694;-6.847;-178.199
1509976336.065;84.610;-6.847;-178.199
1509976336.075;86.293;-2.292;-179.654
1509976336.096;85.872;-3.437;-178.954
1509976336.116;85.422;-5.300;-176.471
1509976336.136;84.697;-7.155;-176.912
1509976336.142;85.429;-7.155;-176.912
1509976336.156;86.443;-3.551;179.547
1509976336.176;87.086;-2.378;-178.471
1509976336.197;84.853;-9.725;-175.161
1509976336.217;86.438;-4.023;-178.359
1509976336.218;86.608;-4.023;-178.359
1509976336.236;87.527;-1.327;178.202
1509976336.257;84.488;-9.249;-178.841
1509976336.259;83.962;-9.249;-178.841
1509976336.28;85.550;-5.458;-177.964
1509976336.296;86.231;-3.421;-179.012
1509976336.316;83.802;-11.406;-176.037
1509976336.335;84.981;-11.406;-176.037
1509976336.339;86.597;-6.549;-175.420
1509976336.358;86.614;-6.250;-176.012
1509976336.38;86.653;-6.111;-176.059
1509976336.399;86.349;-5.291;178.970
1509976336.411;85.441;-5.291;178.970
1509976336.417;84.223;-8.018;178.312
1509976336.437;85.914;-4.796;-178.602
1509976336.457;86.090;-5.251;-175.651
1509976336.479;85.057;-7.881;-177.152
1509976336.49;86.587;-7.881;-177.152
1509976336.502;88.951;-0.679;178.535
1509976336.522;87.022;-6.172;-178.280
1509976336.527;87.524;-6.172;-178.280
1509976336.539;86.620;-8.585;-178.299
1509976336.558;88.144;-4.537;-178.215
1509976336.578;87.083;-8.143;-176.442
1509976336.598;87.605;-6.735;-176.081
1509976336.603;86.685;-6.735;-176.081
1509976336.62;86.343;-6.167;179.855
1509976336.641;87.872;-2.558;-178.645
1509976336.657;85.904;-7.839;-178.792
1509976336.679;87.096;-4.612;-178.809
1509976336.68;87.233;-4.612;-178.809
1509976336.699;85.766;-8.200;-179.819
1509976336.719;88.261;-1.717;-179.494
1509976336.737;88.076;-2.755;-176.033
1509976336.759;88.309;-1.578;-179.630
1509976336.76;87.792;-1.578;-179.630
1509976336.778;86.503;-4.565;178.595
1509976336.797;86.814;-4.565;178.595
1509976336.798;86.376;-6.522;-178.684
1509976336.818;85.902;-9.503;-175.535
1509976336.838;86.486;-6.132;-178.927
1509976336.859;86.101;-6.903;-179.629
1509976336.872;85.099;-6.903;-179.629
1509976336.879;85.171;-6.698;-179.702
1509976336.899;87.373;-1.526;-178.289
1509976336.919;85.951;-5.380;-177.744
1509976336.939;86.972;-2.300;-179.949
1509976336.953;87.530;-2.300;-179.949
1509976336.959;86.334;-5.209;179.689
1509976336.979;85.398;-8.567;-178.071
1509976337.002;86.950;-3.964;-179.047
1509976337.02;86.346;-6.674;-176.061
1509976337.025;83.849;-6.674;-176.061
1509976337.039;83.937;-7.114;-174.666
1509976337.06;83.465;-6.499;-178.995
1509976337.067;83.991;-6.499;-178.995
1509976337.079;84.139;-5.555;179.836
1509976337.1;83.888;-8.357;-176.280
1509976337.118;83.908;-7.998;-176.723
1509976337.138;84.105;-5.812;-179.771
1509976337.141;83.987;-5.812;-179.771
1509976337.159;83.523;-8.369;-177.877
1509976337.179;85.385;-1.785;-177.922
1509976337.2;85.234;-2.849;-175.750
1509976337.221;84.454;-4.650;-178.902
1509976337.222;84.345;-4.650;-178.902
1509976337.239;84.353;-4.379;-179.623
1509976337.259;83.610;-7.681;-177.639
1509976337.28;84.987;-2.948;-177.600
1509976337.295;86.654;-2.948;-177.600
1509976337.301;86.158;-5.054;-176.530
1509976337.32;86.249;-4.387;-177.467
1509976337.334;84.930;-4.387;-177.467
1509976337.339;84.617;-5.373;-177.646
1509976337.361;84.093;-6.949;-178.012
1509976337.38;82.825;-9.934;-179.806
1509976337.4;83.085;-8.853;179.698
1509976337.411;83.084;-8.853;179.698
1509976337.42;85.042;-3.693;-177.641
1509976337.44;85.340;-3.267;-175.417
1509976337.46;83.975;-8.429;-176.087
1509976337.481;85.191;-2.806;-179.074
1509976337.488;84.431;-2.806;-179.074
1509976337.5;82.857;-8.088;-178.169
1509976337.52;84.060;-3.830;-179.361
1509976337.542;83.885;-5.493;-176.398
1509976337.563;83.292;-6.462;-178.605
1509976337.568;83.834;-6.462;-178.605
1509976337.582;84.463;-4.092;-179.542
1509976337.603;84.340;-4.286;179.902
1509976337.605;83.333;-4.286;179.902
1509976337.622;82.288;-8.962;-177.501
1509976337.641;82.888;-6.140;-178.882
1509976337.661;83.138;-5.576;-178.333
1509976337.682;82.944;-7.070;-176.720
1509976337.683;82.045;-7.070;-176.720
1509976337.701;82.786;-3.404;-178.833
1509976337.721;82.908;-2.868;-179.281
1509976337.742;81.891;-7.707;-176.690
1509976337.757;81.955;-7.707;-176.690
1509976337.763;82.508;-5.230;-177.330
1509976337.781;81.873;-6.424;-179.393
1509976337.801;81.261;-8.146;-179.877
1509976337.821;82.140;-6.833;-176.925
1509976337.834;82.063;-6.833;-176.925
1509976337.841;82.913;-3.363;-176.841
1509976337.861;82.644;-3.990;-177.974
1509976337.872;81.504;-3.990;-177.974
1509976337.882;80.588;-7.786;-177.212
1509976337.902;80.895;-5.770;-178.729
1509976337.921;80.696;-6.264;-179.079
1509976337.943;80.228;-8.130;-178.664
1509976337.949;80.764;-8.130;-178.664
1509976337.963;81.657;-5.246;-178.163
1509976337.982;81.581;-4.286;178.934
1509976338.002;80.589;-8.000;-179.794
1509976338.022;81.933;-4.394;-177.859
1509976338.025;82.090;-4.394;-177.859
1509976338.043;82.203;-4.807;-175.969
1509976338.062;82.240;-4.976;-175.316
1509976338.084;82.067;-4.583;-177.616
1509976338.103;81.326;-5.892;179.683
1509976338.105;81.296;-5.892;179.683
1509976338.122;81.611;-5.190;-179.678
1509976338.142;82.097;-4.595;-177.219
1509976338.143;82.263;-4.595;-177.219
1509976338.164;81.977;-5.760;-176.959
1509976338.182;81.564;-5.705;-179.963
1509976338.203;81.779;-5.268;-179.441
1509976338.219;80.993;-5.268;-179.441
1509976338.224;80.856;-6.878;-177.287
1509976338.242;81.618;-3.802;-177.952
1509976338.262;80.508;-7.455;-178.399
1509976338.283;80.613;-6.625;-179.207
1509976338.295;80.339;-6.625;-179.207
1509976338.302;80.023;-7.926;-178.867
1509976338.324;81.046;-4.334;-179.008
1509976338.343;80.523;-6.938;-177.559
1509976338.363;80.751;-5.606;-178.445
1509976338.372;80.850;-5.606;-178.445
1509976338.384;80.785;-4.850;179.456
1509976338.403;80.736;-6.596;-177.414
1509976338.41;81.545;-6.596;-177.414
1509976338.422;82.847;-1.433;-177.263
1509976338.443;82.397;-3.661;-176.107
1509976338.463;81.298;-7.951;-176.956
1509976338.484;82.113;-3.682;-178.939
1509976338.487;81.746;-3.682;-178.939
1509976338.504;81.304;-5.641;-178.156
1509976338.523;80.804;-7.866;-177.700
1509976338.545;81.410;-5.027;-178.599
1509976338.565;81.288;-5.426;-178.696
1509976338.567;80.295;-5.426;-178.696
1509976338.586;80.802;-3.869;-177.749
1509976338.604;80.918;-4.157;-176.035
1509976338.624;80.038;-6.076;-179.297
1509976338.641;80.257;-6.076;-179.297
1509976338.643;80.042;-7.401;-178.528
1509976338.664;80.941;-5.028;-176.099
1509976338.68;80.693;-5.028;-176.099
1509976338.683;80.250;-6.883;-176.318
1509976338.706;80.252;-4.380;179.057
1509976338.724;79.660;-7.012;-179.697
1509976338.744;79.210;-9.240;-178.912
1509976338.758;79.348;-9.240;-178.912
1509976338.764;81.189;-2.842;-178.337
1509976338.785;80.618;-6.489;-175.562
1509976338.809;80.388;-5.355;-179.117
1509976338.825;80.582;-3.659;178.324
1509976338.834;80.885;-3.659;178.324
1509976338.845;80.829;-5.254;-178.364
1509976338.895;80.587;-9.634;-174.062
1509976338.897;79.342;-9.634;-174.062
1509976338.898;79.540;-4.795;-178.696
1509976338.905;79.600;-5.433;-177.122
1509976338.925;79.115;-8.579;-176.189
1509976338.945;79.873;-4.200;-177.072
1509976338.949;80.525;-4.200;-177.072
1509976338.965;80.929;-3.141;-174.919
1509976338.984;80.096;-9.798;-173.671
1509976339.007;79.029;-7.610;178.322
1509976339.025;80.176;-4.388;-179.759
1509976339.026;80.827;-4.388;-179.759
1509976339.047;81.029;-9.411;-172.900
1509976339.066;81.203;-5.206;-175.087
1509976339.085;80.127;-7.224;179.797
1509976339.108;81.762;-7.224;179.797
1509976339.11;82.323;-6.199;-177.695
1509976339.127;82.989;-4.121;-174.400
1509976339.141;84.402;-4.121;-174.400
1509976339.145;84.386;-4.250;-174.392
1509976339.169;83.986;-4.657;-177.944
1509976339.187;84.469;-1.621;179.819
1509976339.207;84.483;-2.125;-177.869
1509976339.224;85.129;-2.125;-177.869
1509976339.226;85.199;-2.036;-176.848
1509976339.246;85.226;-1.989;-176.488
1509976339.266;84.943;-3.556;-176.575
1509976339.288;84.204;-7.784;-176.616
1509976339.295;86.145;-7.784;-176.616
1509976339.306;85.801;-8.044;-178.471
1509976339.326;86.196;-5.438;179.340
1509976339.347;86.078;-5.551;178.608
1509976339.369;86.229;-6.120;-178.828
1509976339.372;86.853;-6.120;-178.828
1509976339.387;87.095;-6.038;-177.011
1509976339.407;86.715;-6.828;-178.290
1509976339.411;87.334;-6.828;-178.290
1509976339.427;86.434;-9.776;-178.890
1509976339.448;87.255;-6.376;-179.911
1509976339.468;88.106;-4.278;-177.296
1509976339.489;88.158;-4.475;-176.107
1509976339.491;89.228;-4.475;-176.107
1509976339.509;89.039;-4.954;-176.969
1509976339.527;89.301;-2.870;178.198
1509976339.547;88.202;-7.138;-179.200
1509976339.564;87.356;-7.138;-179.200
1509976339.566;87.887;-5.219;-179.195
1509976339.587;87.536;-7.081;-177.983
1509976339.607;87.695;-7.494;-176.103
1509976339.628;87.774;-6.914;-176.476
1509976339.642;87.521;-6.914;-176.476
1509976339.648;88.281;-2.980;-176.815
1509976339.67;87.430;-7.496;-176.312
1509976339.679;86.769;-7.496;-176.312
1509976339.688;86.533;-7.388;-178.141
1509976339.708;86.288;-7.110;179.684
1509976339.729;86.717;-6.350;-178.231
1509976339.748;87.463;-3.972;-174.427
1509976339.756;85.515;-3.972;-174.427
1509976339.77;85.479;-4.803;-173.964
1509976339.788;85.486;-1.867;-179.705
1509976339.807;84.764;-4.754;178.533
1509976339.829;85.172;-4.714;-177.395
1509976339.839;85.695;-4.714;-177.395
1509976339.848;85.840;-4.945;-175.526
1509976339.875;86.086;-3.178;-174.967
1509976339.889;85.086;-8.795;-177.420
1509976339.91;84.703;-7.020;177.937
1509976339.912;84.681;-7.020;177.937
1509976339.928;84.760;-6.181;177.052
1509976339.954;85.271;-6.700;-178.203
1509976339.955;85.989;-6.700;-178.203
1509976339.971;86.338;-6.113;-175.988
1509976339.99;86.311;-5.240;-177.306
1509976340.008;86.321;-4.632;-178.166
1509976340.027;87.038;-4.632;-178.166
1509976340.028;87.261;-4.308;-176.066
1509976340.049;87.080;-5.212;-176.816
1509976340.069;87.083;-4.640;-177.647
1509976340.089;86.601;-7.810;-177.795
1509976340.107;85.118;-7.810;-177.795
1509976340.109;85.019;-6.191;179.814
1509976340.129;85.089;-4.307;177.265
1509976340.149;85.000;-5.454;178.571
1509976340.17;85.350;-7.166;-176.606
1509976340.184;83.688;-7.166;-176.606
1509976340.191;83.827;-7.389;-175.455
1509976340.21;84.226;-7.077;-172.439
1509976340.219;84.239;-7.077;-172.439
1509976340.229;84.120;-8.687;-173.530
1509976340.25;83.444;-5.634;-179.839
1509976340.271;83.316;-7.516;-179.391
1509976340.292;83.704;-5.987;-177.227
1509976340.3;84.068;-5.987;-177.227
1509976340.311;83.800;-4.690;179.086
1509976340.336;84.236;-2.405;-177.734
1509976340.351;84.498;-5.604;-173.088
1509976340.37;84.273;-3.249;-176.241
1509976340.372;83.357;-3.249;-176.241
1509976340.39;83.195;-4.107;-178.013
1509976340.411;83.353;-3.581;-176.150
1509976340.431;83.341;-8.087;-175.453
1509976340.45;82.963;-6.271;-178.924
1509976340.451;82.629;-6.271;-178.924
1509976340.471;82.196;-9.689;179.723
1509976340.487;81.905;-9.689;179.723
1509976340.489;82.264;-7.649;-179.045
1509976340.513;82.398;-6.535;-178.602
1509976340.531;82.726;-8.116;-175.666
1509976340.549;82.767;-2.167;-177.259
1509976340.565;82.031;-2.167;-177.259
1509976340.57;81.948;-4.579;-177.327
1509976340.591;81.580;-8.179;-179.194
1509976340.611;81.781;-3.878;-179.846
1509976340.632;82.098;-3.335;-175.506
1509976340.641;82.139;-3.335;-175.506
1509976340.651;82.380;-6.479;-173.147
1509976340.671;81.805;-6.085;-178.373
1509976340.69;81.850;-4.444;-178.885
1509976340.71;82.042;-7.117;-176.117
1509976340.717;81.156;-7.117;-176.117
1509976340.731;80.941;-3.805;-179.279
1509976340.751;80.962;-6.803;-177.722
1509976340.756;81.365;-6.803;-177.722
1509976340.772;81.375;-8.891;-177.428
1509976340.792;81.002;-4.974;178.064
1509976340.812;81.282;-6.471;-178.494
1509976340.832;82.131;-9.497;-172.688
1509976340.833;81.538;-9.497;-172.688
1509976340.851;80.804;-4.148;-177.102
1509976340.872;80.694;-1.760;179.650
1509976340.891;80.881;-5.158;-176.253
1509976340.913;81.041;-5.670;-174.642
1509976340.914;80.620;-5.670;-174.642
1509976340.933;80.321;-3.366;-178.250
1509976340.952;80.354;-6.840;-177.396
1509976340.972;80.540;-5.847;-175.552
1509976340.986;79.507;-5.847;-175.552
1509976340.99;79.408;-6.429;-176.654
1509976341.011;79.247;-3.893;-178.539
1509976341.027;79.178;-3.893;-178.539
1509976341.032;79.068;-6.174;-179.047
1509976341.052;78.877;-6.713;179.537
1509976341.073;79.069;-4.441;-179.668
1509976341.093;79.378;-5.942;-176.139
1509976341.102;78.714;-5.942;-176.139
1509976341.112;78.910;-6.951;-174.648
1509976341.132;78.468;-4.672;-178.798
1509976341.153;78.367;-8.683;-179.012
1509976341.173;78.554;-6.205;-177.723
1509976341.179;79.266;-6.205;-177.723
1509976341.193;79.193;-5.028;-178.561
1509976341.213;78.967;-8.298;-179.810
1509976341.232;79.037;-8.469;-179.319
1509976341.253;79.002;-6.707;-179.924
1509976341.257;78.123;-6.707;-179.924
1509976341.273;78.264;-3.931;-178.086
1509976341.294;78.491;-3.998;-174.284
1509976341.295;78.878;-3.998;-174.284
1509976341.313;79.030;-4.929;-173.209
1509976341.333;78.606;-3.174;-178.652
1509976341.353;78.524;-5.115;-179.852
1509976341.374;78.940;-7.303;-176.397
1509976341.378;77.840;-7.303;-176.397
1509976341.393;77.694;-4.722;-176.519
1509976341.413;77.739;-8.302;-177.604
1509976341.433;77.426;-5.343;-179.879
1509976341.448;76.976;-5.343;-179.879
1509976341.452;77.069;-3.866;-178.562
1509976341.473;77.066;-5.329;-178.888
1509976341.493;77.292;-6.510;-176.942
1509976341.514;77.311;-5.021;-175.709
1509976341.527;76.961;-5.021;-175.709
1509976341.533;77.056;-7.081;-176.278
1509976341.553;76.753;-6.754;-178.901
1509976341.564;75.728;-6.754;-178.901
1509976341.576;75.558;-4.958;179.332
1509976341.594;75.801;-4.257;-177.683
1509976341.614;75.932;-7.183;-177.224
1509976341.633;75.743;-4.976;-178.576
1509976341.642;76.768;-4.976;-178.576
1509976341.653;76.921;-7.465;-177.581
1509976341.675;77.067;-8.021;-176.602
1509976341.694;77.140;-9.179;-176.525
1509976341.717;76.970;-7.347;-177.138
1509976341.719;76.318;-7.347;-177.138
1509976341.737;76.239;-4.443;-175.393
1509976341.754;76.313;-6.396;-176.518
1509976341.776;75.808;-3.334;178.029
1509976341.794;75.919;-2.374;179.877
1509976341.795;74.920;-2.374;179.877
1509976341.815;75.287;-4.838;-175.386
1509976341.835;75.199;-3.501;-174.074
1509976341.836;74.636;-3.501;-174.074
1509976341.855;74.543;-2.900;-175.288
1509976341.876;74.430;-5.145;-179.440
1509976341.895;74.579;-5.921;-178.054
1509976341.91;73.996;-5.921;-178.054
1509976341.917;74.054;-4.195;-176.247
1509976341.935;74.205;-5.733;-175.498
1509976341.976;73.647;-5.807;178.474
1509976341.977;73.585;-7.956;178.290
1509976341.986;73.379;-7.956;178.290
1509976341.994;73.980;-6.702;-177.084
1509976342.014;74.049;-4.630;-175.377
1509976342.035;73.872;-6.612;-178.048
1509976342.056;73.834;-7.607;-178.472
1509976342.064;73.508;-7.607;-178.472
1509976342.075;73.411;-3.959;-178.491
1509976342.097;73.306;-4.584;-179.990
1509976342.104;73.403;-4.584;-179.990
1509976342.118;73.726;-7.504;-177.541
1509976342.136;73.870;-5.949;-174.832
1509976342.156;73.656;-3.853;-175.512
1509976342.175;73.635;-5.418;-177.351
1509976342.178;73.930;-5.418;-177.351
1509976342.197;74.123;-8.835;-176.825
1509976342.218;73.808;-6.302;-178.764
1509976342.238;73.818;-2.632;-178.546
1509976342.255;74.073;-7.320;-176.633
1509976342.257;74.221;-7.320;-176.633
1509976342.275;74.025;-5.408;-177.566
1509976342.297;73.770;-3.811;179.403
1509976342.316;73.937;-5.061;-178.509
1509976342.333;73.644;-5.061;-178.509
1509976342.338;74.194;-7.501;-174.225
1509976342.357;73.949;-7.089;-176.267
1509976342.373;73.154;-7.089;-176.267
1509976342.377;72.722;-6.413;179.871
1509976342.397;72.780;-4.534;-179.184
1509976342.417;73.095;-5.806;-175.817
1509976342.438;73.020;-5.393;-176.413
1509976342.447;73.070;-5.393;-176.413
1509976342.457;72.726;-4.277;179.459
1509976342.477;72.694;-5.744;179.255
1509976342.496;73.268;-7.849;-176.097
1509976342.517;73.661;-9.309;-174.024
1509976342.525;73.390;-9.309;-174.024
1509976342.536;72.688;-4.974;-177.206
1509976342.558;72.541;-5.582;-179.348
1509976342.58;72.641;-5.581;-178.203
1509976342.599;72.455;-3.332;179.849
1509976342.603;72.813;-3.332;179.849
1509976342.619;72.689;-6.090;178.655
1509976342.638;73.230;-8.313;-177.238
1509976342.639;72.506;-8.313;-177.238
1509976342.657;72.394;-5.676;-176.024
1509976342.677;72.231;-6.156;-178.467
1509976342.698;72.108;-4.248;-178.978
1509976342.718;72.332;-4.891;-175.914
1509976342.719;72.244;-4.891;-175.914
1509976342.738;72.302;-5.007;-175.077
1509976342.757;72.380;-6.219;-175.682
1509976342.778;72.227;-8.543;-178.874
1509976342.795;72.502;-8.543;-178.874
1509976342.799;72.076;-7.712;178.075
1509976342.82;72.039;-8.524;177.709
1509976342.84;72.601;-7.580;-177.367
1509976342.859;72.614;-4.848;-172.642
1509976342.872;72.172;-4.848;-172.642
1509976342.88;72.128;-5.049;-174.860
1509976342.9;71.935;-5.369;-179.018
1509976342.91;71.328;-5.369;-179.018
1509976342.922;71.298;-5.105;-179.188
1509976342.939;71.273;-4.288;-178.672
1509976342.959;71.505;-5.362;-176.169
1509976342.978;71.497;-5.260;-176.100
1509976342.987;70.936;-5.260;-176.100
1509976342.998;70.817;-5.669;-178.597
1509976343.019;70.903;-7.885;-179.455
1509976343.039;70.750;-6.411;179.996
1509976343.058;70.936;-7.264;-178.682
1509976343.063;70.424;-7.264;-178.682
1509976343.079;70.693;-7.733;-176.343
1509976343.1;70.184;-3.242;-176.933
1509976343.119;70.361;-6.078;-178.264
1509976343.139;70.444;-7.503;-178.685
1509976343.14;70.984;-7.503;-178.685
1509976343.159;71.080;-6.752;-176.854
1509976343.179;71.048;-7.009;-177.547
1509976343.181;70.434;-7.009;-177.547
1509976343.201;70.528;-7.299;-176.819
1509976343.221;70.543;-7.139;-176.444
1509976343.24;70.251;-5.859;-178.606
1509976343.256;70.705;-5.859;-178.606
1509976343.261;70.427;-2.907;179.875
1509976343.279;70.849;-6.360;-177.294
1509976343.301;70.755;-8.429;179.755
1509976343.32;70.466;-5.110;178.788
1509976343.334;69.646;-5.110;178.788
1509976343.339;69.715;-3.665;-177.677
1509976343.361;69.781;-3.784;-175.426
1509976343.371;70.162;-3.784;-175.426
1509976343.382;70.358;-5.406;-175.429
1509976343.4;70.142;-5.997;-179.565
1509976343.421;70.472;-7.844;-177.638
1509976343.44;70.609;-7.399;-175.544
1509976343.453;69.926;-7.399;-175.544
1509976343.46;69.501;-5.532;-178.448
1509976343.482;69.304;-4.134;179.942
1509976343.501;69.401;-4.770;-179.038
1509976343.519;69.409;-5.897;179.801
1509976343.531;69.553;-5.897;179.801
1509976343.539;69.829;-8.283;-179.335
1509976343.56;69.830;-6.541;-177.274
1509976343.58;70.022;-7.624;-176.551
1509976343.599;70.001;-7.595;-176.755
1509976343.602;70.105;-7.595;-176.755
1509976343.62;69.685;-4.288;-177.285
1509976343.64;69.337;0.493;-179.978
1509976343.642;68.718;0.493;-179.978
1509976343.661;68.796;4.262;178.057
1509976343.682;68.723;0.175;-179.671
1509976343.702;69.224;-5.108;-174.907
1509976343.723;69.030;-5.108;-174.907
1509976343.726;69.092;-5.592;-175.269
1509976343.745;69.401;-7.676;-175.543
1509976343.76;69.060;-7.851;-179.712
1509976343.782;68.895;-6.179;-179.880
1509976343.799;68.130;-6.179;-179.880
1509976343.801;68.341;-6.423;-176.923
1509976343.824;68.365;-6.469;-176.613
1509976343.843;68.422;-8.776;-179.725
1509976343.863;68.328;-7.961;-179.736
1509976343.87;68.351;-7.961;-179.736
1509976343.88;68.454;-6.709;-175.954
1509976343.9;68.510;-7.456;-176.980
1509976343.911;68.130;-7.456;-176.980
1509976343.92;67.708;-5.232;-178.673
1509976343.942;67.995;-6.248;-175.120
1509976343.963;68.155;-8.336;-178.604
1509976343.982;67.754;-5.572;-178.664
1509976343.989;67.674;-5.572;-178.664
1509976344.001;67.737;-5.046;-174.001
1509976344.021;67.875;-7.849;-179.636
1509976344.042;67.690;-6.557;179.825
1509976344.061;67.938;-5.949;-172.573
1509976344.063;67.102;-5.949;-172.573
1509976344.083;67.128;-6.332;-174.656
1509976344.101;66.827;-5.708;-179.482
1509976344.121;66.803;-4.924;-177.945
1509976344.146;67.012;-6.319;-177.396
1509976344.147;67.221;-6.319;-177.396
1509976344.162;67.273;-9.070;179.012
1509976344.18;66.720;-9.070;179.012
1509976344.182;67.044;-7.693;-174.220
1509976344.203;66.732;-6.006;-173.115
1509976344.222;66.232;-4.688;177.677
1509976344.247;66.587;-5.445;-175.214
1509976344.255;65.795;-5.445;-175.214
1509976344.262;66.226;-11.590;178.887
1509976344.282;65.443;-3.202;-178.306
1509976344.303;66.503;-8.645;-173.204
1509976344.321;65.751;-5.218;-175.548
1509976344.332;65.745;-5.218;-175.548
1509976344.344;65.959;-7.306;-177.350
1509976344.363;65.606;-6.337;179.137
1509976344.383;65.400;-3.004;-173.417
1509976344.404;66.101;-7.018;-173.832
1509976344.41;65.691;-7.018;-173.832
1509976344.422;65.623;-9.372;179.607
1509976344.444;65.094;-3.862;-177.757
1509976344.447;64.736;-3.862;-177.757
1509976344.463;64.822;-4.234;-173.648
1509976344.484;64.934;-8.180;179.043
1509976344.503;64.920;-7.821;179.202
1509976344.523;64.614;-2.826;-174.358
1509976344.528;64.286;-2.826;-174.358
1509976344.543;65.013;-7.803;-176.387
1509976344.563;64.640;-6.674;-179.832
1509976344.584;64.761;-5.660;-173.040
1509976344.604;64.646;-6.220;-178.993
1509976344.605;64.269;-6.220;-178.993
1509976344.628;64.032;-5.856;177.933
1509976344.643;64.240;-4.751;-174.281
1509976344.665;64.418;-5.798;-173.849
1509976344.68;63.766;-5.798;-173.849
1509976344.684;63.807;-6.593;-176.773
1509976344.703;64.432;-8.838;-172.157
1509976344.717;63.345;-8.838;-172.157
1509976344.727;64.744;-12.435;-164.317
1509976344.743;62.223;-5.990;175.393
1509976344.763;62.099;0.482;175.135
1509976344.784;61.987;-0.722;-177.523
1509976344.794;62.661;-0.722;-177.523
1509976344.803;63.050;-5.096;-175.925
1509976344.824;62.712;-1.472;-178.379
1509976344.844;63.162;-6.272;-176.470
1509976344.866;63.018;-6.236;-178.827
1509976344.872;62.959;-6.236;-178.827
1509976344.884;62.911;-5.962;-179.257
1509976344.904;63.272;-7.451;-176.113
1509976344.927;63.077;-5.971;-177.124
1509976344.946;62.776;-5.027;179.400
1509976344.948;63.360;-5.027;179.400
1509976344.964;63.439;-6.574;179.817
1509976344.984;63.575;-7.942;-179.475
1509976344.985;63.523;-7.942;-179.475
1509976345.004;63.656;-6.037;-176.434
1509976345.024;63.627;-4.905;-174.992
1509976345.069;63.599;-5.536;-176.706
1509976345.071;63.609;-7.394;-178.309
1509976345.072;63.676;-7.394;-178.309
1509976345.085;63.528;-6.303;-179.227
1509976345.105;63.479;-5.657;-179.462
1509976345.124;63.674;-6.770;-177.829
1509976345.141;63.101;-6.770;-177.829
1509976345.144;63.111;-6.403;-177.256
1509976345.166;63.129;-6.345;-176.901
1509976345.188;63.122;-5.922;-176.348
1509976345.207;62.959;-5.682;-178.719
1509976345.217;63.393;-5.682;-178.719
1509976345.225;63.467;-6.845;-178.681
1509976345.245;63.511;-6.383;-177.736
1509976345.255;62.643;-6.383;-177.736
1509976345.265;62.619;-5.809;-177.536
1509976345.288;62.658;-6.234;-177.401
1509976345.306;62.630;-6.305;-177.840
1509976345.325;62.691;-6.622;-177.342
1509976345.331;62.575;-6.622;-177.342
1509976345.345;62.550;-5.930;-176.914
1509976345.366;62.476;-5.920;-178.021
1509976345.386;62.451;-6.242;-178.626
1509976345.407;62.456;-6.242;-178.555
1509976345.409;64.044;-6.242;-178.555
1509976345.425;64.086;-6.200;-177.990
1509976345.444;64.119;-6.154;-177.496
1509976345.465;64.146;-6.176;-177.145
1509976345.489;64.167;-6.354;-177.052
1509976345.49;62.657;-6.354;-177.052
1509976345.507;62.568;-6.123;-178.062
1509976345.528;62.603;-6.361;-177.789
1509976345.53;63.111;-6.361;-177.789
1509976345.546;63.115;-6.236;-177.637
1509976345.566;63.103;-5.947;-177.558
1509976345.586;63.129;-6.012;-177.260
1509976345.604;62.658;-6.012;-177.260
1509976345.606;62.493;-6.337;-179.757
1509976345.628;62.605;-6.700;-178.667
1509976345.647;62.635;-5.689;-177.227
1509976345.667;62.573;-5.425;-177.936
1509976345.677;63.049;-5.425;-177.936
1509976345.687;62.999;-6.249;-179.181
1509976345.709;63.185;-5.298;-175.306
1509976345.729;63.136;-5.296;-176.308
1509976345.749;63.054;-5.817;-178.200
1509976345.756;63.183;-5.817;-178.200
1509976345.771;63.233;-5.816;-177.407
1509976345.787;63.222;-5.996;-177.804
1509976345.794;63.743;-5.996;-177.804
1509976345.807;63.767;-6.610;-178.206
1509976345.829;63.990;-8.375;-177.530
1509976345.848;63.913;-7.460;-177.331
1509976345.867;63.709;-5.557;-177.743
1509976345.87;63.451;-5.557;-177.743
1509976345.888;63.510;-6.545;-178.256
1509976345.908;63.520;-6.015;-177.274
1509976345.929;63.548;-5.854;-176.366
1509976345.949;63.531;-6.013;-177.062
1509976345.951;63.599;-6.013;-177.062
1509976345.973;63.488;-6.152;-179.058
1509976345.99;63.589;-6.592;-178.135
1509976346.007;63.749;-6.798;-175.980
1509976346.024;63.235;-6.798;-175.980
1509976346.028;63.007;-5.121;-176.882
1509976346.048;63.210;-7.266;-177.202
1509976346.063;64.433;-7.266;-177.202
1509976346.069;64.668;-7.617;-174.478
1509976346.09;64.819;-7.727;-172.144
1509976346.108;64.557;-7.179;-175.273
1509976346.129;64.380;-8.114;-178.745
1509976346.14;69.416;-8.114;-178.745
1509976346.151;69.570;-5.812;-176.437
1509976346.168;69.488;-3.440;-175.935
1509976346.189;69.323;-3.099;-179.117
1509976346.208;68.541;-4.391;173.009
1509976346.217;75.937;-4.391;173.009
1509976346.229;75.379;-6.501;172.202
1509976346.25;77.016;-2.839;-177.748
1509976346.268;76.950;1.812;-166.999
1509976346.29;77.300;-1.420;-165.738
1509976346.293;78.536;-1.420;-165.738
1509976346.31;79.467;-10.665;-171.245
1509976346.329;79.036;-7.704;-172.152
1509976346.333;87.423;-7.704;-172.152
1509976346.351;88.446;2.311;155.593
1509976346.371;91.883;8.414;158.404
1509976346.391;87.310;-0.933;-178.921
1509976346.41;85.884;-4.748;171.094
1509976346.411;94.109;-4.748;171.094
1509976346.43;95.286;-2.049;169.276
1509976346.45;93.204;-7.442;173.622
1509976346.469;91.888;-10.959;173.928
1509976346.486;93.462;-10.959;173.928
1509976346.489;93.955;-9.276;172.419
1509976346.511;91.090;-14.770;170.685
1509976346.531;94.202;-9.407;174.683
1509976346.549;99.020;0.830;164.366
1509976346.565;97.622;0.830;164.366
1509976346.569;96.822;0.448;171.272
1509976346.592;96.764;2.334;-177.598
1509976346.603;97.148;2.334;-177.598
1509976346.609;95.717;-3.052;178.615
1509976346.63;95.424;-5.096;-175.496
1509976346.65;96.601;1.167;-171.476
1509976346.673;98.591;8.803;-177.209
1509976346.678;107.931;8.803;-177.209
1509976346.691;108.542;10.680;-178.972
1509976346.711;107.514;7.915;-175.409
1509976346.73;106.392;-1.581;-168.911
1509976346.75;105.550;5.961;-155.506
1509976346.754;120.660;5.961;-155.506
1509976346.771;121.790;3.820;-168.421
1509976346.793;123.186;0.426;178.705
1509976346.812;121.960;-2.614;-179.205
1509976346.83;124.449;12.319;-176.596
1509976346.831;135.800;12.319;-176.596
1509976346.851;127.217;19.487;-150.629
1509976346.87;140.394;9.689;172.743
1509976346.872;153.778;9.689;172.743
1509976346.892;142.613;11.774;-175.392
1509976346.911;132.420;6.777;-165.895
1509976346.932;137.276;12.246;-168.542
1509976346.951;103.294;12.246;-168.542
1509976346.953;117.327;16.398;-172.825
1509976346.971;120.666;17.453;-173.465
1509976346.991;130.957;16.113;179.744
1509976347.011;115.430;13.388;-176.793
1509976347.023;56.810;13.388;-176.793
1509976347.03;60.847;11.309;-168.383
1509976347.051;58.990;15.873;179.914
1509976347.072;42.218;16.522;172.573
1509976347.093;26.762;13.629;171.196
1509976347.101;16.621;13.629;171.196
1509976347.115;-0.437;7.776;167.523
1509976347.133;-8.449;1.895;164.073
1509976347.14;14.398;1.895;164.073
1509976347.154;4.812;-2.721;161.242
1509976347.171;-0.099;-7.607;159.240
1509976347.191;-5.869;-10.881;156.105
1509976347.212;-21.287;-15.727;145.584
1509976347.218;2.370;-15.727;145.584
1509976347.233;-16.202;-18.556;135.426
1509976347.251;-14.959;-19.989;135.818
1509976347.272;-18.686;-25.704;131.997
1509976347.299;-27.300;-35.691;122.234
1509976347.3;-4.389;-35.691;122.234
1509976347.312;-8.430;-34.890;119.623
1509976347.334;-18.653;-34.383;112.821
1509976347.335;18.685;-34.383;112.821
1509976347.352;6.624;-34.985;105.238
1509976347.372;-16.378;-30.467;91.832
1509976347.394;-46.796;-30.757;69.946
1509976347.41;-15.185;-30.757;69.946
1509976347.411;-34.344;-31.273;57.898
1509976347.432;-34.944;-33.438;56.377
1509976347.453;-36.090;-27.519;58.732
1509976347.473;-45.915;-21.485;56.255
1509976347.485;-15.496;-21.485;56.255
1509976347.494;-35.239;-15.151;50.023
1509976347.513;-53.684;-12.230;42.100
1509976347.532;-60.814;-7.133;43.906
1509976347.553;-63.420;-5.733;44.324
1509976347.562;-25.863;-5.733;44.324
1509976347.573;-28.610;-6.675;42.946
1509976347.593;-53.513;-5.653;31.881
1509976347.6;-31.335;-5.653;31.881
1509976347.615;-61.258;-1.355;22.084
1509976347.634;-57.099;-5.799;18.385
1509976347.654;-44.351;-8.244;24.244
1509976347.673;-33.283;-6.942;30.386
1509976347.678;-5.187;-6.942;30.386
1509976347.693;-4.092;-4.420;30.906
1509976347.713;-21.120;-0.521;27.547
1509976347.734;-31.283;-1.344;24.484
1509976347.755;-36.775;-5.941;19.390
1509976347.756;-30.142;-5.941;19.390
1509976347.774;-24.459;-11.942;18.915
1509976347.794;-15.725;-12.633;22.613
1509976347.815;-13.937;-4.790;25.245
1509976347.833;-33.622;-3.196;19.751
1509976347.834;-24.604;-3.196;19.751
1509976347.857;-33.614;-7.243;14.237
1509976347.871;-34.648;-7.243;14.237
1509976347.873;-13.030;-11.908;20.533
1509976347.894;7.335;-16.627;28.467
1509976347.915;14.309;-16.351;31.533
1509976347.934;11.604;-15.490;30.153
1509976347.948;17.272;-15.490;30.153
1509976347.954;13.787;-14.356;28.325
1509976347.974;15.193;-13.879;28.807
1509976347.997;17.101;-13.619;29.546
1509976348.016;17.627;-13.177;29.640
1509976348.023;17.996;-13.177;29.640
1509976348.035;9.690;-13.724;26.494
1509976348.055;1.366;-12.848;23.307
1509976348.075;11.291;-12.446;26.877
1509976348.094;22.228;-13.270;31.428
1509976348.101;21.685;-13.270;31.428
1509976348.115;35.523;-13.016;38.272
1509976348.163;21.363;-15.480;32.071
1509976348.164;20.447;-15.480;32.071
1509976348.165;4.135;-16.992;25.020
1509976348.174;5.619;-16.634;25.647
1509976348.194;5.935;-15.175;25.647
1509976348.215;4.371;-13.781;24.899
1509976348.216;-0.813;-13.781;24.899
1509976348.236;-4.594;-12.915;23.483
1509976348.256;-7.171;-13.466;22.437
1509976348.277;-7.185;-16.268;22.105
1509976348.298;-1.192;-16.288;24.702
1509976348.299;-1.458;-16.288;24.702
1509976348.315;8.981;-16.896;29.238
1509976348.337;5.772;-17.526;27.885
1509976348.358;0.216;-16.583;25.412
1509976348.372;-2.763;-16.583;25.412
1509976348.374;-1.125;-17.060;26.091
1509976348.395;8.254;-18.194;30.270
1509976348.411;9.425;-18.194;30.270
1509976348.415;16.867;-16.267;33.053
1509976348.436;10.796;-14.965;30.301
1509976348.455;3.098;-14.719;27.380
1509976348.475;-0.835;-16.095;25.913
1509976348.49;-4.686;-16.095;25.913
